{"stats":{"minecraft:killed":{"minecraft:witch":4,"minecraft:spider":36,"monsterplus:crystal_zombie":10,"creeperoverhaul:bamboo_creeper":4,"minecraft:skeleton":124,"monsterplus:glow_skeleton":8,"iceandfire:myrmex_worker":1,"minecraft:zombie_villager":2,"epicsamurai:jorogumo":1,"minecraft:sheep":3,"minecraft:zombie":97,"minecraft:cow":4,"iceandfire:ghost":1,"monsterplus:overgrown_skeleton":2},"minecraft:picked_up":{"minecraft:iron_chestplate":1,"minecraft:wheat":22,"croptopia:cinnamon_log":7,"minecraft:lead":9,"minecraft:stone_brick_stairs":1,"minecraft:string":17,"minecraft:raw_copper":159,"minecraft:iron_leggings":1,"alexsmobs:banana":2,"minecraft:cobbled_deepslate":6136,"minecraft:spruce_planks":1,"minecraft:rose_bush":11,"minecraft:calcite":2,"croptopia:cinnamon_sapling":4,"minecraft:furnace":1,"minecraft:iron_boots":1,"minecraft:stick":211,"minecraft:oak_fence":10,"minecraft:torch":29,"minecraft:diorite":21,"monsterplus:crystal_clump":1,"minecraft:stone_sword":2,"minecraft:rotten_flesh":23,"biomesoplenty:mahogany_sapling":186,"minecraft:obsidian":4,"minecraft:cobblestone":634,"minecraft:enchanting_table":1,"croptopia:nectarine":6,"minecraft:andesite":12,"biomesoplenty:dried_salt":2,"minecraft:jungle_log":64,"minecraft:jungle_wood":26,"minecraft:flint":3,"minecraft:tuff":315,"minecraft:lapis_lazuli":51,"minecraft:dirt":1742,"minecraft:lantern":2,"minecraft:bone":30,"minecraft:bow":1,"minecraft:wheat_seeds":328,"minecraft:raw_gold":40,"minecraft:glowstone_dust":1,"minecraft:bamboo":28,"tacz:gun_smith_table":2,"epicsamurai:raw_silver":46,"minecraft:oak_planks":15,"minecraft:sand":371,"minecraft:barrel":3,"minecraft:spectral_arrow":5,"minecraft:dark_oak_log":53,"minecraft:diamond":35,"minecraft:deepslate":3,"epicsamurai:jorogumo_eye":2,"minecraft:granite":36,"minecraft:bread":48,"minecraft:oak_sapling":80,"epicsamurai:ruby":26,"iceandfire:raw_silver":16,"sophisticatedbackpacks:gold_backpack":2,"minecraft:crafting_table":4,"withersweapons:eldingain":1,"epicsamurai:jade":55,"tacz:ammo":120,"croptopia:pear":18,"minecraft:beef":10,"minecraft:jungle_sapling":6,"croptopia:coconut":3,"minecraft:poppy":4,"biomesoplenty:wildflower":1,"minecraft:chest":4,"minecraft:dark_oak_sapling":8,"minecraft:raw_iron":128,"minecraft:oak_door":1,"minecraft:spruce_fence":1,"minecraft:redstone":102,"minecraft:dark_oak_planks":2,"minecraft:arrow":22,"minecraft:peony":5,"minecraft:hay_block":1,"epicsamurai:spirit_stone_base":5,"minecraft:glow_berries":1,"minecraft:mutton":3,"minecraft:white_wool":3,"minecraft:skeleton_skull":1,"minecraft:bone_block":12,"minecraft:oxeye_daisy":7,"minecraft:glow_ink_sac":4,"minecraft:leather":5,"minecraft:oak_log":290,"epicsamurai:iron_ninja_chestplate":1,"minecraft:apple":11,"minecraft:stone_bricks":2,"minecraft:stone_pickaxe":1,"minecraft:oak_fence_gate":1,"minecraft:iron_ingot":9,"epicsamurai:aquamarine":14,"minecraft:book":60,"epicsamurai:onyx":37,"minecraft:scaffolding":1,"croptopia:apricot":13,"croptopia:starfruit":2,"minecraft:dandelion":12,"minecraft:raw_iron_block":1,"minecraft:gravel":40,"minecraft:spruce_sapling":13,"minecraft:white_bed":1,"minecraft:spruce_log":65,"minecraft:spider_eye":6,"minecraft:leather_helmet":1,"biomesoplenty:mahogany_log":1343,"monsterplus:crystal_shard":3,"tacz:modern_kinetic_gun":2,"croptopia:orange":6,"minecraft:coal":97},"minecraft:killed_by":{"minecraft:creeper":2,"monsterplus:crystal_zombie":5,"minecraft:zombie":2,"minecraft:player":11,"monsterplus:abyssologer":1,"minecraft:spider":3,"minecraft:enderman":1,"monsterplus:glow_skeleton":2,"monsterplus:overgrown_skeleton":4,"minecraft:skeleton":16},"minecraft:crafted":{"minecraft:oak_planks":736,"minecraft:smooth_stone":4,"epicsamurai:silver_ingot":46,"epicsamurai:green_samurai_chestplate":1,"minecraft:stone":4,"sophisticatedbackpacks:crafting_upgrade":1,"minecraft:bookshelf":16,"minecraft:cooked_mutton":3,"minecraft:glass":241,"minecraft:chest":23,"minecraft:copper_block":1,"minecraft:stone_hoe":1,"minecraft:oak_fence":45,"minecraft:wooden_shovel":2,"sophisticatedbackpacks:backpack":2,"minecraft:crafting_table":3,"minecraft:spruce_planks":28,"minecraft:wooden_pickaxe":1,"minecraft:copper_ingot":121,"sophisticatedbackpacks:upgrade_base":1,"minecraft:tnt":2,"minecraft:diamond_pickaxe":1,"minecraft:stick":304,"minecraft:iron_pickaxe":2,"minecraft:iron_ingot":97,"minecraft:iron_block":1,"minecraft:stone_sword":3,"minecraft:deepslate_tile_slab":2,"minecraft:wooden_sword":1,"minecraft:oak_door":3,"minecraft:raw_iron":9,"minecraft:stone_shovel":30,"minecraft:smooth_stone_slab":2,"vanillaplustools:stone_hammer":7,"biomesoplenty:mahogany_planks":128,"minecraft:furnace":5,"minecraft:blast_furnace":1,"minecraft:oak_trapdoor":2,"minecraft:glass_pane":32,"minecraft:flint_and_steel":1,"minecraft:scaffolding":6,"minecraft:leather":15,"minecraft:ladder":39,"minecraft:stone_pickaxe":72,"minecraft:deepslate_tile_wall":1,"minecraft:dark_oak_planks":212,"minecraft:wheat":9,"minecraft:cooked_beef":10,"epicsamurai:diamond_samurai_helmet":1,"iceandfire:silver_ingot":16,"minecraft:enchanting_table":1,"tacz:gun_smith_table":1,"minecraft:stone_axe":19,"minecraft:air":0,"minecraft:blue_dye":1,"minecraft:oak_fence_gate":2,"epicsamurai:green_samurai_boots_light":1,"minecraft:wooden_axe":3,"minecraft:armor_stand":1,"minecraft:white_bed":1,"epicsamurai:steel_ingot":15,"minecraft:torch":80,"epicsamurai:green_samurai_leggings":1},"minecraft:used":{"minecraft:bone_block":10,"minecraft:ladder":33,"minecraft:oak_sign":2,"minecraft:chest":31,"minecraft:deepslate_tile_slab":415,"minecraft:glass":182,"minecraft:lantern":2,"minecraft:scaffolding":121,"minecraft:furnace":5,"minecraft:skeleton_skull":1,"croptopia:pear":18,"minecraft:stone_pickaxe":1039,"minecraft:oak_planks":254,"minecraft:wooden_pickaxe":37,"minecraft:blast_furnace":1,"minecraft:bread":37,"minecraft:deepslate":747,"minecraft:gravel":4,"minecraft:wooden_sword":48,"minecraft:bone_meal":127,"minecraft:oak_fence":38,"minecraft:oak_trapdoor":343,"minecraft:enchanting_table":2,"minecraft:stone_sword":683,"minecraft:flint_and_steel":2,"minecraft:armor_stand":1,"minecraft:stone_shovel":292,"minecraft:spruce_planks":1,"tacz:gun_smith_table":3,"vanillaplustools:stone_hammer":916,"minecraft:wooden_shovel":111,"minecraft:stone_hoe":24,"minecraft:oak_door":2,"minecraft:torch":159,"minecraft:dirt":1540,"minecraft:hopper":8,"minecraft:granite":4,"minecraft:oak_fence_gate":2,"minecraft:dark_oak_planks":141,"minecraft:wooden_axe":185,"minecraft:bookshelf":16,"minecraft:barrel":3,"minecraft:bamboo":23,"minecraft:cooked_beef":8,"minecraft:cobbled_deepslate":1672,"minecraft:wheat_seeds":24,"minecraft:cooked_mutton":1,"minecraft:water_bucket":9,"croptopia:apricot":13,"minecraft:stonecutter":2,"minecraft:tnt":2,"minecraft:crafting_table":7,"vanillaplustools:stone_shovel":313,"minecraft:white_bed":2,"minecraft:spruce_log":21,"minecraft:deepslate_tile_wall":36,"minecraft:diamond_pickaxe":5,"minecraft:apple":1,"minecraft:iron_pickaxe":394,"minecraft:stone_axe":2452,"minecraft:cobblestone":7,"minecraft:bucket":2,"minecraft:glass_pane":29},"minecraft:broken":{"minecraft:wooden_shovel":2,"minecraft:chainmail_boots":1,"minecraft:stone_pickaxe":8,"minecraft:wooden_sword":1,"minecraft:stone_axe":17,"minecraft:wooden_axe":2,"minecraft:stone_shovel":2,"minecraft:stone_sword":1,"vanillaplustools:stone_hammer":7,"minecraft:iron_pickaxe":1,"vanillaplustools:stone_shovel":2},"minecraft:dropped":{"minecraft:crafting_table":1,"sophisticatedbackpacks:gold_backpack":2,"minecraft:cobbled_deepslate":517,"minecraft:oak_planks":64,"minecraft:gunpowder":7,"minecraft:scaffolding":1,"withersweapons:eldingain":1,"biomesoplenty:mahogany_log":32,"minecraft:bread":6,"minecraft:torch":4,"minecraft:stonecutter":1,"minecraft:redstone":32,"minecraft:stone_sword":1,"minecraft:deepslate":1},"minecraft:mined":{"minecraft:dark_oak_planks":3,"minecraft:spruce_planks":1,"minecraft:white_bed":1,"minecraft:jungle_leaves":149,"minecraft:obsidian":4,"minecraft:granite":40,"epicsamurai:silver_ore":15,"minecraft:grass_block":1107,"minecraft:jungle_log":75,"biomesoplenty:dried_salt":2,"tacz:gun_smith_table":2,"minecraft:oxeye_daisy":7,"minecraft:spawner":1,"epicsamurai:deepslate_jade_ore":42,"minecraft:raw_iron_block":1,"minecraft:iron_ore":35,"minecraft:cobbled_deepslate":11,"minecraft:barrel":3,"minecraft:deepslate_lapis_ore":9,"minecraft:enchanting_table":1,"minecraft:dirt_path":1,"epicsamurai:deepslate_silver_ore":32,"epicsamurai:spirit_stone_base":6,"minecraft:deepslate_redstone_ore":19,"biomesoplenty:wildflower":1,"minecraft:torch":22,"croptopia:cinnamon_log":7,"minecraft:calcite":2,"minecraft:poppy":1,"minecraft:chest":4,"minecraft:glass":4,"minecraft:cobblestone":7,"minecraft:oak_planks":15,"minecraft:wall_torch":8,"minecraft:deepslate_copper_ore":3,"minecraft:skeleton_skull":1,"croptopia:nectarine_crop":6,"minecraft:jungle_wood":27,"minecraft:wheat":24,"croptopia:pear_crop":18,"minecraft:stone_brick_stairs":1,"croptopia:apricot_crop":12,"minecraft:grass":546,"minecraft:oak_log":343,"minecraft:oak_fence_gate":1,"minecraft:sand":40,"minecraft:dirt":688,"minecraft:oak_leaves":58,"minecraft:deepslate":7401,"minecraft:tuff":459,"iceandfire:silver_ore":15,"epicsamurai:deepslate_onyx_ore":36,"minecraft:deepslate_diamond_ore":35,"minecraft:oak_door":1,"biomesoplenty:desert_grass":3,"minecraft:dark_oak_log":55,"minecraft:glow_lichen":5,"epicsamurai:deepslate_ruby_ore":26,"minecraft:spruce_fence":1,"iceandfire:deepslate_silver_ore":1,"minecraft:large_fern":18,"epicsamurai:onyx_ore":1,"minecraft:redstone_ore":3,"minecraft:furnace":1,"minecraft:andesite":13,"minecraft:peony":3,"minecraft:bookshelf":20,"minecraft:deepslate_iron_ore":95,"minecraft:vine":9,"minecraft:lantern":2,"minecraft:bamboo":2,"minecraft:stone":671,"minecraft:bone_block":12,"epicsamurai:jade_ore":13,"minecraft:dandelion":7,"epicsamurai:deepslate_aquamarine_ore":14,"minecraft:oak_fence":10,"minecraft:crafting_table":4,"minecraft:rose_bush":7,"minecraft:tall_grass":19,"minecraft:copper_ore":46,"minecraft:deepslate_gold_ore":39,"minecraft:diorite":28,"biomesoplenty:mahogany_log":1864,"minecraft:spruce_log":69,"minecraft:coal_ore":95,"minecraft:gravel":36,"minecraft:stone_bricks":2,"minecraft:gold_ore":1,"minecraft:fern":1723},"minecraft:custom":{"minecraft:animals_bred":2,"minecraft:interact_with_crafting_table":113,"minecraft:open_barrel":7,"minecraft:leave_game":13,"minecraft:time_since_death":155886,"minecraft:sprint_one_cm":1012207,"minecraft:drop":30,"minecraft:play_noteblock":16,"minecraft:play_time":887467,"minecraft:deaths":47,"minecraft:jump":3027,"minecraft:walk_on_water_one_cm":45599,"minecraft:enchant_item":1,"minecraft:interact_with_furnace":118,"minecraft:sleep_in_bed":28,"minecraft:damage_dealt":22831,"minecraft:player_kills":1,"minecraft:crouch_one_cm":13065,"minecraft:mob_kills":311,"minecraft:inspect_hopper":2,"minecraft:climb_one_cm":30559,"minecraft:walk_one_cm":3157482,"minecraft:damage_dealt_absorbed":35,"minecraft:sneak_time":14001,"minecraft:walk_under_water_one_cm":22091,"minecraft:interact_with_blast_furnace":7,"minecraft:total_world_time":987004,"minecraft:tune_noteblock":8,"minecraft:interact_with_stonecutter":4,"minecraft:time_since_rest":29980,"minecraft:damage_taken":15097,"minecraft:swim_one_cm":9617,"minecraft:fly_one_cm":1472991,"minecraft:open_chest":302,"minecraft:fall_one_cm":14374}},"DataVersion":3465}