{"stats":{"minecraft:custom":{"minecraft:mob_kills":51,"minecraft:interact_with_crafting_table":38,"minecraft:bell_ring":4,"minecraft:damage_dealt_resisted":29,"minecraft:leave_game":2,"minecraft:time_since_death":13731,"minecraft:climb_one_cm":5220,"minecraft:sprint_one_cm":337714,"minecraft:walk_one_cm":1084526,"minecraft:drop":8,"minecraft:play_time":370500,"minecraft:deaths":75,"minecraft:sneak_time":4602,"minecraft:walk_under_water_one_cm":73217,"minecraft:jump":1598,"minecraft:interact_with_blast_furnace":4,"minecraft:walk_on_water_one_cm":62068,"minecraft:total_world_time":370500,"minecraft:interact_with_furnace":19,"minecraft:sleep_in_bed":2,"minecraft:time_since_rest":13763,"minecraft:damage_taken":22476,"minecraft:damage_dealt":7741,"minecraft:swim_one_cm":74068,"minecraft:fly_one_cm":709777,"minecraft:player_kills":4,"minecraft:open_chest":98,"minecraft:crouch_one_cm":11425,"minecraft:interact_with_smoker":2,"minecraft:fall_one_cm":21682},"minecraft:dropped":{"minecraft:iron_sword":2,"minecraft:wheat_seeds":1,"minecraft:stick":2,"minecraft:pumpkin":7,"minecraft:stone_sword":1,"spore:armads":1,"minecraft:stone_pickaxe":1},"minecraft:killed":{"minecraft:turtle":1,"spore:spitter":1,"spore:inf_player":6,"minecraft:salmon":10,"spore:scamper":1,"minecraft:creeper":1,"minecraft:squid":3,"spore:inf_pillager":2,"minecraft:sheep":2,"spore:inf_villager":3,"minecraft:zombie":1,"spore:inf_human":5,"spore:inf_witch":1,"spore:knight":9},"minecraft:killed_by":{"minecraft:player":1,"spore:busser":5,"spore:knight":4,"spore:inf_human":3,"spore:inf_wanderer":2,"spore:inf_pillager":3,"spore:sieger":3,"spore:inf_player":37,"monsterplus:overgrown_skeleton":3,"spore:inf_villager":4,"minecraft:skeleton":1,"minecraft:witch":1,"minecraft:zombie":2},"minecraft:crafted":{"minecraft:oak_planks":72,"minecraft:stone_shovel":2,"minecraft:furnace":2,"minecraft:glass_pane":48,"minecraft:glass":31,"minecraft:ladder":27,"minecraft:stone_pickaxe":12,"minecraft:chest":3,"croptopia:cooked_calamari":2,"minecraft:crafting_table":3,"minecraft:spruce_planks":8,"minecraft:wooden_pickaxe":3,"minecraft:iron_sword":1,"minecraft:cooked_salmon":15,"minecraft:birch_planks":68,"minecraft:stone_axe":4,"biomesoplenty:fir_planks":196,"minecraft:stick":119,"minecraft:iron_ingot":6,"minecraft:iron_pickaxe":1,"minecraft:wooden_axe":1,"minecraft:stone_sword":2,"minecraft:white_bed":1,"minecraft:torch":52},"minecraft:mined":{"minecraft:white_bed":1,"minecraft:granite":22,"minecraft:grass_block":211,"minecraft:spruce_leaves":2,"minecraft:composter":1,"minecraft:large_fern":1,"minecraft:iron_ore":6,"minecraft:andesite":57,"minecraft:pumpkin":7,"chococraft:gysahl_green":3,"tropicraft:palm_log":17,"minecraft:pointed_dripstone":6,"minecraft:cobblestone_slab":1,"minecraft:stone":859,"minecraft:crafting_table":4,"minecraft:blast_furnace":2,"minecraft:chest":2,"minecraft:cobblestone":36,"minecraft:copper_ore":8,"minecraft:tall_grass":2,"minecraft:lapis_ore":5,"biomesoplenty:huge_clover_petal":15,"minecraft:sugar_cane":4,"minecraft:diorite":98,"minecraft:wall_torch":8,"minecraft:blue_bed":2,"minecraft:birch_planks":1,"minecraft:birch_log":55,"minecraft:spruce_log":23,"minecraft:birch_leaves":6,"biomesoplenty:fir_log":112,"minecraft:grass":28,"biomesoplenty:clover":33,"minecraft:coal_ore":38,"minecraft:oak_log":105,"minecraft:gravel":3,"minecraft:sand":34,"minecraft:dirt":72,"minecraft:cobweb":3,"minecraft:oak_leaves":25},"minecraft:broken":{"minecraft:stone_pickaxe":8,"minecraft:stone_axe":1,"minecraft:stone_shovel":1},"minecraft:picked_up":{"minecraft:crafting_table":4,"spore:mutated_heart":9,"minecraft:diamond_sword":1,"minecraft:wooden_pickaxe":1,"croptopia:calamari":4,"spore:sickle_fragment":1,"minecraft:string":3,"minecraft:raw_copper":29,"minecraft:cooked_salmon":4,"spore:infected_spear":1,"spore:armads":1,"minecraft:cobbled_deepslate":6,"minecraft:cobblestone_slab":1,"minecraft:sugar_cane":27,"minecraft:chest":6,"minecraft:birch_sapling":13,"minecraft:furnace":2,"minecraft:raw_iron":6,"minecraft:stick":36,"spore:tumor":1,"minecraft:oak_door":1,"minecraft:composter":1,"minecraft:torch":8,"minecraft:pointed_dripstone":9,"minecraft:diorite":132,"minecraft:redstone":25,"monsterplus:crystal_clump":4,"minecraft:arrow":9,"minecraft:stone_sword":1,"minecraft:rotten_flesh":1,"minecraft:pumpkin_pie":1,"tropicraft:palm_log":17,"spore:rapier":1,"minecraft:glow_berries":1,"minecraft:mutton":4,"minecraft:white_wool":3,"minecraft:cobblestone":1011,"minecraft:birch_log":58,"minecraft:lilac":2,"minecraft:glow_ink_sac":1,"minecraft:salmon":24,"minecraft:andesite":114,"minecraft:birch_planks":2,"biomesoplenty:fir_sapling":21,"biomesoplenty:fir_log":71,"minecraft:oak_log":91,"minecraft:lapis_lazuli":31,"minecraft:dirt":326,"minecraft:blue_bed":2,"minecraft:bone":6,"chococraft:gysahl_green":4,"minecraft:apple":3,"minecraft:wheat_seeds":13,"minecraft:raw_gold":14,"minecraft:iron_ingot":2,"spore:mutated_fiber":144,"croptopia:roe":42,"minecraft:iron_sword":1,"spore:cerebrum":4,"minecraft:pumpkin":7,"spore:armor_fragment":25,"minecraft:gravel":9,"minecraft:sand":34,"chococraft:gysahl_green_seeds":3,"minecraft:ink_sac":6,"minecraft:spruce_sapling":4,"minecraft:blast_furnace":2,"spore:scythe":1,"minecraft:white_bed":2,"minecraft:spruce_log":22,"minecraft:spectral_arrow":1,"tropicraft:coconut":3,"spore:claw_fragment":198,"minecraft:deepslate":1,"monsterplus:crystal_shard":1,"minecraft:granite":44,"minecraft:bone_meal":6,"spore:spine_fragment":6,"minecraft:oak_sapling":23,"minecraft:coal":100},"minecraft:used":{"minecraft:stone_sword":2,"minecraft:flint_and_steel":23,"spore:scythe":5,"minecraft:stone_shovel":213,"minecraft:ladder":11,"minecraft:chest":9,"minecraft:iron_sword":168,"minecraft:cooked_salmon":5,"spore:infected_spear":9,"minecraft:torch":36,"minecraft:dirt":14,"monsterplus:darkstar":4,"minecraft:wooden_axe":48,"minecraft:oak_sapling":14,"minecraft:furnace":2,"croptopia:cooked_calamari":2,"croptopia:roe":8,"spore:armads":6,"minecraft:birch_planks":45,"minecraft:stone_pickaxe":1154,"minecraft:oak_planks":12,"minecraft:wooden_pickaxe":66,"minecraft:blue_bed":1,"minecraft:salmon":1,"minecraft:tnt":44,"minecraft:crafting_table":6,"spore:rapier":34,"minecraft:blast_furnace":1,"minecraft:white_bed":2,"withersweapons:magentaslash":1,"minecraft:apple":1,"minecraft:bread":3,"minecraft:stone_axe":324,"minecraft:cobblestone":304,"minecraft:glass_pane":32,"chococraft:gysahl_green":4}},"DataVersion":3465}