{"stats":{"minecraft:custom":{"minecraft:interact_with_crafting_table":77,"minecraft:leave_game":3,"minecraft:time_since_death":11764,"minecraft:sprint_one_cm":576615,"minecraft:damage_blocked_by_shield":8596,"minecraft:drop":141,"minecraft:play_time":342824,"minecraft:deaths":113,"minecraft:jump":3883,"minecraft:walk_on_water_one_cm":71041,"minecraft:interact_with_furnace":82,"minecraft:sleep_in_bed":10,"minecraft:damage_dealt":59090,"minecraft:player_kills":4,"minecraft:crouch_one_cm":89997,"minecraft:mob_kills":278,"minecraft:damage_dealt_resisted":3272,"minecraft:climb_one_cm":11075,"minecraft:walk_one_cm":517711,"minecraft:damage_dealt_absorbed":200,"minecraft:sneak_time":41994,"minecraft:walk_under_water_one_cm":126379,"minecraft:interact_with_blast_furnace":3,"minecraft:total_world_time":342824,"minecraft:time_since_rest":6035,"minecraft:damage_taken":36379,"minecraft:swim_one_cm":217334,"minecraft:fly_one_cm":860072,"minecraft:open_chest":123,"minecraft:fall_one_cm":133566},"minecraft:dropped":{"minecraft:iron_sword":3,"spore:spine_fragment":13,"minecraft:oak_log":14,"minecraft:glow_ink_sac":4,"minecraft:leather":3,"spore:living_core":1,"minecraft:dirt":19,"minecraft:birch_fence":39,"spore:innards":1,"minecraft:bone_meal":5,"croptopia:calamari":1,"minecraft:white_wool":3,"minecraft:gold_ingot":1,"minecraft:bone":20,"minecraft:oak_door":2,"minecraft:gravel":3,"minecraft:sugar_cane":42,"minecraft:cooked_chicken":1,"minecraft:cobbled_deepslate":83,"monsterplus:crystal_shard":1,"minecraft:birch_sapling":25,"minecraft:pointed_dripstone":9,"minecraft:rotten_flesh":20,"minecraft:azure_bluet":2,"minecraft:white_bed":1,"minecraft:salmon":4,"minecraft:chainmail_chestplate":1,"minecraft:gunpowder":1,"minecraft:ladder":13,"minecraft:chest":4,"spore:sickle_fragment":2,"minecraft:arrow":13,"spore:armor_fragment":177,"minecraft:egg":1,"minecraft:iron_ingot":2,"minecraft:vine":10,"minecraft:wheat_seeds":3,"minecraft:lilac":3,"biomesoplenty:maple_sapling":10,"minecraft:feather":5,"minecraft:iron_helmet":1,"minecraft:cobblestone":250,"minecraft:spectral_arrow":10,"minecraft:amethyst_block":3,"minecraft:apple":2,"minecraft:granite":26,"minecraft:coal":59,"minecraft:stick":7,"minecraft:diorite":35,"minecraft:ink_sac":4,"spore:fleshy_claw":3,"minecraft:rose_bush":1,"spore:tumor":5,"spore:mutated_heart":8,"minecraft:string":27,"spore:claw_fragment":180,"minecraft:spruce_sapling":2,"minecraft:redstone":25,"monsterplus:crystal_clump":4,"minecraft:furnace":2,"spore:nerves":4,"minecraft:deepslate":1,"minecraft:tuff":4,"minecraft:iron_hoe":2,"spore:cerebrum":4,"sophisticatedbackpacks:backpack":1,"spore:mutated_fiber":185,"minecraft:diamond_sword":1,"minecraft:andesite":101,"minecraft:oak_sapling":7,"croptopia:roe":10,"minecraft:spruce_log":10,"minecraft:bow":1,"minecraft:wooden_pickaxe":1,"minecraft:raw_gold":14,"minecraft:calcite":3},"minecraft:killed":{"spore:braiomil":1,"minecraft:spider":3,"monsterplus:crystal_zombie":2,"minecraft:skeleton":14,"monsterplus:glow_skeleton":3,"minecraft:chicken":4,"spore:spitter":1,"spore:inf_player":22,"minecraft:salmon":53,"spore:inf_evoker":4,"spore:scamper":2,"minecraft:creeper":3,"minecraft:sheep":15,"spore:inf_villager":17,"spore:mound":3,"minecraft:zombie":16,"spore:inf_human":36,"spore:howler":2,"spore:knight":28,"minecraft:cow":3,"minecraft:horse":6,"spore:stalker":1,"minecraft:bat":2,"spore:brute":1,"minecraft:squid":1,"spore:inf_pillager":11,"spore:inf_witch":1,"spore:claw":1,"spore:busser":10,"monsterplus:overgrown_skeleton":7,"spore:slasher":1},"minecraft:killed_by":{"mutantmonsters:mutant_zombie":1,"spore:claw":1,"spore:knight":14,"spore:inf_human":8,"spore:inf_evoker":4,"spore:inf_pillager":2,"spore:inf_player":41,"spore:inf_villager":3,"minecraft:zombie":1,"spore:leaper":2,"minecraft:player":3,"spore:busser":8,"spore:inf_wanderer":2,"spore:sieger":4,"monsterplus:glow_skeleton":4,"monsterplus:overgrown_skeleton":1,"mutantmonsters:mutant_skeleton":1,"minecraft:skeleton":3,"creeperoverhaul:spruce_creeper":1,"spore:inf_witch":1,"spore:stalker":1},"minecraft:crafted":{"minecraft:oak_planks":56,"minecraft:cobblestone_slab":126,"spore:plated_pants":1,"minecraft:cooked_chicken":5,"spore:plated_boots":1,"minecraft:birch_slab":6,"minecraft:cooked_mutton":31,"minecraft:glass":3,"minecraft:iron_boots":1,"spore:fleshy_bone":3,"spore:fleshy_claw":11,"minecraft:chest":4,"sophisticatedbackpacks:backpack":1,"minecraft:crafting_table":2,"spore:rapier":1,"spore:plated_helmet":1,"minecraft:wooden_pickaxe":1,"minecraft:iron_helmet":1,"minecraft:birch_planks":236,"spore:greatsword":1,"spore:spine":1,"minecraft:iron_chestplate":2,"minecraft:diamond_pickaxe":1,"minecraft:shield":4,"minecraft:birch_fence":39,"minecraft:stick":88,"minecraft:iron_ingot":80,"minecraft:iron_pickaxe":2,"spore:plated_muscle":2,"minecraft:gold_ingot":9,"spore:living_helmet":1,"spore:claw":2,"minecraft:oak_door":3,"spore:plated_chest":1,"minecraft:furnace":3,"minecraft:iron_axe":1,"minecraft:stone_pickaxe":1,"spore:armor_plate":13,"minecraft:diamond_boots":1,"sophisticatedbackpacks:iron_backpack":1,"spore:living_core":3,"minecraft:diamond_sword":1,"minecraft:iron_sword":1,"minecraft:cooked_salmon":52,"sophisticatedbackpacks:gold_backpack":1,"minecraft:bucket":1,"minecraft:stone_axe":1,"minecraft:air":0,"spore:inf_helmet":1,"minecraft:iron_leggings":1,"minecraft:white_bed":3,"spore:nerves":24,"minecraft:torch":156},"minecraft:mined":{"spore:fungal_roots":28,"minecraft:white_bed":1,"spore:wall_growths":70,"minecraft:granite":4,"minecraft:grass_block":3,"spore:fungal_stem":15,"minecraft:tall_seagrass":3,"minecraft:iron_ore":35,"minecraft:fire":12,"spore:infested_stone":1,"minecraft:deepslate_lapis_ore":3,"spore:growth_mycelium":30,"minecraft:azure_bluet":1,"biomesoplenty:hanging_cobweb":9,"chococraft:gysahl_green":1,"biomesoplenty:webbing":21,"minecraft:deepslate_redstone_ore":6,"biomesoplenty:glowworm_silk":1,"biomesoplenty:hanging_cobweb_strand":3,"spore:growths_big":26,"minecraft:torch":1,"minecraft:calcite":3,"minecraft:chest":5,"minecraft:cobblestone":61,"minecraft:sugar_cane":9,"minecraft:wall_torch":1,"minecraft:amethyst_block":3,"spore:fungal_stem_sapling":2,"minecraft:seagrass":1,"minecraft:birch_log":59,"minecraft:lilac":1,"spore:infested_deepslate":41,"minecraft:grass":42,"biomesoplenty:clover":177,"minecraft:oak_log":39,"minecraft:dirt":19,"minecraft:smooth_basalt":2,"minecraft:deepslate":130,"spore:remains":2,"minecraft:tuff":17,"spore:wall_growths_big":92,"minecraft:deepslate_diamond_ore":15,"minecraft:ladder":1,"spore:growths_small":38,"minecraft:furnace":10,"spore:blomfung":23,"minecraft:andesite":32,"minecraft:deepslate_iron_ore":15,"minecraft:stone":256,"biomesoplenty:spider_egg":1,"minecraft:crafting_table":11,"minecraft:rose_bush":1,"minecraft:tall_grass":2,"minecraft:deepslate_gold_ore":23,"minecraft:lapis_ore":2,"biomesoplenty:huge_clover_petal":31,"minecraft:diorite":16,"minecraft:blue_bed":1,"minecraft:birch_planks":2,"spore:bloomfung2":111,"minecraft:spruce_log":8,"spore:fungal_stem_top":15,"minecraft:coal_ore":153,"biomesoplenty:stringy_cobweb":11,"minecraft:cobweb":30,"minecraft:fern":3},"minecraft:broken":{"spore:rapier":1,"minecraft:iron_boots":1,"minecraft:iron_chestplate":1,"minecraft:iron_leggings":1,"minecraft:stone_pickaxe":1,"minecraft:stone_axe":1,"minecraft:chainmail_helmet":1,"minecraft:shield":4,"minecraft:iron_pickaxe":2,"minecraft:iron_helmet":1},"minecraft:picked_up":{"spore:mutated_heart":22,"minecraft:diamond_sword":1,"croptopia:calamari":1,"minecraft:amethyst_block":3,"minecraft:string":56,"spore:innards":2,"minecraft:iron_leggings":1,"spore:corrosive_sack":1,"minecraft:cobbled_deepslate":150,"minecraft:rose_bush":1,"minecraft:calcite":3,"minecraft:iron_pickaxe":1,"minecraft:furnace":11,"minecraft:stick":33,"minecraft:torch":6,"minecraft:pointed_dripstone":9,"minecraft:diorite":7,"minecraft:vine":13,"monsterplus:crystal_clump":4,"minecraft:rotten_flesh":28,"minecraft:cobblestone":476,"minecraft:birch_log":59,"minecraft:feather":6,"minecraft:lilac":3,"minecraft:andesite":45,"minecraft:tuff":8,"minecraft:lapis_lazuli":58,"minecraft:dirt":73,"minecraft:bone":76,"minecraft:bow":2,"minecraft:wheat_seeds":6,"minecraft:raw_gold":32,"minecraft:glowstone_dust":2,"croptopia:roe":95,"spore:cerebrum":26,"spore:armor_fragment":242,"minecraft:ink_sac":8,"minecraft:spectral_arrow":12,"spore:claw_fragment":210,"minecraft:iron_hoe":2,"minecraft:diamond":15,"minecraft:deepslate":3,"minecraft:granite":4,"minecraft:bone_meal":5,"minecraft:chainmail_helmet":1,"spore:spine_fragment":30,"minecraft:oak_sapling":4,"minecraft:crafting_table":11,"minecraft:azure_bluet":3,"minecraft:chicken":4,"minecraft:ladder":15,"spore:sickle_fragment":1,"minecraft:iron_shovel":1,"minecraft:beef":8,"minecraft:sugar_cane":42,"minecraft:chest":5,"minecraft:birch_sapling":23,"minecraft:egg":1,"minecraft:raw_iron":52,"spore:tumor":7,"minecraft:oak_door":1,"spore:wing_membrane":7,"sophisticatedbackpacks:backpack":1,"minecraft:redstone":25,"minecraft:arrow":62,"minecraft:gold_ingot":1,"spore:greatsword":1,"minecraft:mutton":18,"minecraft:glow_berries":12,"minecraft:white_wool":15,"minecraft:air":0,"minecraft:glow_ink_sac":5,"minecraft:salmon":56,"minecraft:leather":10,"minecraft:birch_planks":32,"minecraft:oak_log":76,"minecraft:chainmail_chestplate":1,"minecraft:gunpowder":2,"minecraft:blue_bed":1,"chococraft:gysahl_green":2,"minecraft:apple":2,"minecraft:iron_ingot":2,"spore:mutated_fiber":367,"minecraft:iron_sword":4,"minecraft:spruce_sapling":2,"chococraft:gysahl_green_seeds":3,"minecraft:white_bed":1,"minecraft:spruce_log":12,"biomesoplenty:maple_sapling":10,"monsterplus:crystal_shard":2,"minecraft:iron_helmet":2,"minecraft:coal":487},"minecraft:used":{"minecraft:ladder":4,"minecraft:chest":4,"minecraft:shield":155,"minecraft:iron_sword":79,"minecraft:iron_chestplate":2,"minecraft:iron_helmet":1,"minecraft:bow":39,"minecraft:furnace":10,"croptopia:roe":21,"minecraft:diorite":1,"minecraft:diamond_boots":1,"minecraft:stone_pickaxe":132,"minecraft:wooden_pickaxe":10,"minecraft:glow_berries":12,"spore:rapier":567,"spore:greatsword":813,"sophisticatedbackpacks:backpack":1,"minecraft:birch_slab":2,"minecraft:deepslate":2,"minecraft:diamond_sword":666,"chococraft:gysahl_green":2,"minecraft:cooked_salmon":33,"minecraft:cooked_chicken":4,"minecraft:oak_door":2,"minecraft:torch":138,"minecraft:dirt":35,"minecraft:iron_axe":59,"minecraft:iron_boots":1,"minecraft:cobbled_deepslate":61,"minecraft:iron_leggings":1,"minecraft:cooked_mutton":31,"minecraft:water_bucket":301,"minecraft:birch_planks":22,"minecraft:cobblestone_slab":101,"minecraft:crafting_table":10,"minecraft:white_bed":3,"minecraft:diamond_pickaxe":198,"chococraft:gysahl_green_seeds":3,"minecraft:iron_pickaxe":522,"minecraft:stone_axe":112,"minecraft:cobblestone":126,"minecraft:bucket":301}},"DataVersion":3465}