{"stats":{"minecraft:killed_by":{"minecraft:husk":9,"minecraft:player":1,"minecraft:spider":1,"monsterplus:crystal_zombie":1,"monsterplus:glow_skeleton":5,"monsterplus:overgrown_skeleton":3,"cataclysm:deepling_brute":1,"minecraft:skeleton":6,"minecraft:zombie":1},"minecraft:killed":{"minecraft:cave_spider":1,"minecraft:spider":6,"minecraft:cod":5,"alexsmobs:seagull":4,"monsterplus:crystal_zombie":12,"minecraft:skeleton":18,"monsterplus:glow_skeleton":4,"minecraft:husk":31,"minecraft:zombie_villager":2,"epicsamurai:jorogumo":1,"alexsmobs:cockroach":3,"minecraft:zombie":31,"iceandfire:ghost":2,"monsterplus:overgrown_skeleton":10,"minecraft:cow":6},"minecraft:mined":{"minecraft:tuff":12,"minecraft:stone_pressure_plate":1,"iceandfire:graveyard_soil":1,"iceandfire:silver_ore":21,"epicsamurai:deepslate_onyx_ore":12,"minecraft:deepslate_diamond_ore":21,"sophisticatedbackpacks:gold_backpack":1,"biomesoplenty:desert_grass":11,"minecraft:brewing_stand":1,"epicsamurai:deepslate_ruby_ore":8,"minecraft:granite":1,"minecraft:acacia_log":8,"epicsamurai:silver_ore":3,"biomesoplenty:dead_grass":1,"minecraft:sandstone":17,"minecraft:spawner":3,"minecraft:hay_block":58,"epicsamurai:deepslate_jade_ore":6,"minecraft:furnace":5,"minecraft:iron_ore":56,"minecraft:cobbled_deepslate":11,"minecraft:chiseled_sandstone":1,"minecraft:andesite":5,"minecraft:moss_carpet":1,"minecraft:deepslate_lapis_ore":5,"minecraft:deepslate_iron_ore":33,"minecraft:vine":3,"epicsamurai:deepslate_silver_ore":11,"minecraft:stone":125,"minecraft:deepslate_redstone_ore":56,"minecraft:cut_sandstone":5,"epicsamurai:jade_ore":6,"minecraft:kelp_plant":3,"minecraft:orange_terracotta":1,"epicsamurai:deepslate_aquamarine_ore":2,"minecraft:crafting_table":4,"minecraft:torch":7,"iceandfire:ghost_chest":2,"minecraft:chest":1,"minecraft:copper_ore":20,"minecraft:tall_grass":2,"minecraft:cobblestone":14,"biomesoplenty:sprout":2,"minecraft:deepslate_gold_ore":40,"minecraft:lapis_ore":5,"minecraft:wall_torch":4,"minecraft:diorite":8,"minecraft:cactus":4,"minecraft:cobblestone_wall":1,"epicsamurai:aquamarine_ore":2,"minecraft:tnt":9,"minecraft:wither_rose":1,"minecraft:grass":30,"minecraft:coal_ore":140,"minecraft:oak_log":58,"minecraft:cyan_carpet":1,"minecraft:gravel":5,"minecraft:cobweb":4,"minecraft:gold_ore":2,"minecraft:oak_leaves":2,"minecraft:deepslate":228,"minecraft:fern":9},"minecraft:custom":{"minecraft:mob_kills":155,"minecraft:animals_bred":8,"minecraft:interact_with_crafting_table":33,"minecraft:open_barrel":19,"minecraft:leave_game":3,"minecraft:time_since_death":4708,"minecraft:climb_one_cm":4544,"minecraft:sprint_one_cm":1177743,"minecraft:walk_one_cm":797295,"minecraft:damage_blocked_by_shield":5850,"minecraft:drop":103,"minecraft:play_time":365071,"minecraft:sneak_time":27275,"minecraft:deaths":31,"minecraft:walk_under_water_one_cm":22907,"minecraft:boat_one_cm":246202,"minecraft:interact_with_brewingstand":1,"minecraft:jump":3802,"minecraft:interact_with_blast_furnace":15,"minecraft:walk_on_water_one_cm":70677,"minecraft:total_world_time":365071,"minecraft:interact_with_furnace":36,"minecraft:sleep_in_bed":4,"minecraft:time_since_rest":4738,"minecraft:damage_taken":15018,"minecraft:trigger_trapped_chest":2,"minecraft:damage_dealt":32572,"minecraft:player_kills":1,"minecraft:swim_one_cm":49859,"minecraft:fly_one_cm":810404,"minecraft:open_chest":38,"minecraft:crouch_one_cm":72704,"minecraft:fall_one_cm":140689},"minecraft:broken":{"minecraft:shield":2,"minecraft:iron_sword":2,"minecraft:wooden_axe":1},"minecraft:used":{"minecraft:shield":91,"minecraft:iron_sword":485,"minecraft:iron_chestplate":1,"minecraft:torch":185,"minecraft:carrot":1,"minecraft:wooden_axe":11,"minecraft:iron_axe":82,"minecraft:iron_helmet":1,"withersweapons:eldingain":194,"minecraft:iron_boots":1,"minecraft:oak_sapling":7,"minecraft:furnace":5,"croptopia:roe":6,"minecraft:cooked_beef":7,"minecraft:orange_terracotta":1,"sophisticatedbackpacks:gold_backpack":1,"minecraft:cobbled_deepslate":55,"minecraft:iron_leggings":1,"minecraft:cooked_mutton":1,"minecraft:water_bucket":52,"minecraft:diamond_boots":1,"minecraft:sandstone":17,"minecraft:cut_sandstone":1,"iceandfire:dragon_skull_lightning":1,"minecraft:oak_leaves":1,"minecraft:glow_berries":3,"minecraft:crafting_table":7,"minecraft:oak_log":4,"iceandfire:dragonbone_sword":73,"minecraft:diamond_pickaxe":676,"minecraft:apple":3,"minecraft:iron_pickaxe":234,"minecraft:bread":125,"minecraft:cyan_carpet":1,"minecraft:deepslate":1,"minecraft:diamond_sword":15,"minecraft:cobblestone":62,"minecraft:bucket":53,"minecraft:oak_boat":5,"alexsmobs:animal_dictionary":1},"minecraft:crafted":{"minecraft:oak_planks":76,"sophisticatedbackpacks:stack_upgrade_tier_1":1,"minecraft:furnace":2,"sophisticatedbackpacks:stack_upgrade_starter_tier":1,"sophisticatedbackpacks:crafting_upgrade":1,"sophisticatedbackpacks:smelting_upgrade":2,"minecraft:hopper":3,"minecraft:diamond_helmet":1,"minecraft:iron_boots":1,"minecraft:iron_axe":1,"minecraft:copper_block":9,"minecraft:chest":4,"minecraft:diamond_boots":1,"minecraft:redstone_block":5,"sophisticatedbackpacks:iron_backpack":1,"minecraft:wheat":414,"minecraft:cooked_beef":4,"withersweapons:eldingain":1,"iceandfire:dragonbone_sword":1,"minecraft:diamond_sword":1,"sophisticatedbackpacks:backpack":1,"minecraft:crafting_table":6,"minecraft:iron_helmet":1,"minecraft:iron_sword":2,"sophisticatedbackpacks:gold_backpack":1,"minecraft:gold_block":3,"minecraft:bucket":1,"sophisticatedbackpacks:upgrade_base":4,"minecraft:bread":138,"minecraft:air":0,"minecraft:oak_boat":1,"iceandfire:bestiary":1,"minecraft:iron_chestplate":1,"minecraft:diamond_pickaxe":1,"minecraft:shield":2,"sophisticatedbackpacks:auto_smelting_upgrade":1,"sophisticatedbackpacks:diamond_backpack":1,"minecraft:stick":24,"minecraft:iron_ingot":74,"minecraft:iron_pickaxe":2,"minecraft:iron_block":4,"minecraft:iron_leggings":1,"minecraft:gold_ingot":42,"minecraft:acacia_planks":32,"minecraft:torch":128,"minecraft:lapis_block":7},"minecraft:dropped":{"minecraft:enchanted_book":1,"minecraft:bread":48,"minecraft:iron_sword":1,"minecraft:wheat_seeds":8,"minecraft:cooked_beef":4,"minecraft:glow_ink_sac":1,"minecraft:tnt":9,"minecraft:crafting_table":1,"minecraft:iron_helmet":2,"minecraft:cobblestone":5,"minecraft:granite":1,"minecraft:chainmail_helmet":1,"minecraft:coal":25,"minecraft:leather_helmet":2,"minecraft:cod":5,"minecraft:flint":1,"sophisticatedbackpacks:gold_backpack":3,"minecraft:diorite":8,"minecraft:torch":1,"minecraft:cut_sandstone":4,"minecraft:iron_leggings":1,"minecraft:sand":23,"minecraft:iron_pickaxe":1,"minecraft:string":13,"minecraft:music_disc_cat":1,"iceandfire:dragonbone":3,"minecraft:gold_ingot":36,"minecraft:chiseled_sandstone":1,"minecraft:bone":6,"monsterplus:crystal_clump":4,"biomesoplenty:toadstool":1,"minecraft:moss_carpet":5,"alexsmobs:acacia_blossom":2,"minecraft:stone_sword":1,"alexsmobs:animal_dictionary":2,"minecraft:cobbled_deepslate":1,"minecraft:deepslate":1,"minecraft:tuff":3,"minecraft:rotten_flesh":26,"minecraft:oak_planks":3,"minecraft:iron_boots":1,"sophisticatedbackpacks:diamond_backpack":1,"minecraft:pumpkin_seeds":2,"minecraft:carrot":7,"minecraft:leather_chestplate":1,"minecraft:hay_block":10,"minecraft:shield":1,"iceandfire:ghost_chest":2,"alexsmobs:cockroach_wing_fragment":1,"minecraft:iron_chestplate":1,"minecraft:andesite":5,"minecraft:melon_seeds":8,"iceandfire:silver_ingot":2,"minecraft:chainmail_boots":1,"minecraft:acacia_sapling":1,"iceandfire:bestiary":1,"croptopia:roe":2,"minecraft:leather_leggings":1,"minecraft:stone_pressure_plate":1,"minecraft:arrow":7,"minecraft:bow":1,"minecraft:oak_leaves":3,"iceandfire:manuscript":6,"withersweapons:eldingain":1},"minecraft:picked_up":{"sophisticatedbackpacks:gold_backpack":4,"iceandfire:dragon_skull_lightning":2,"minecraft:crafting_table":3,"minecraft:wheat":23,"minecraft:chainmail_boots":1,"minecraft:lead":1,"minecraft:wither_rose":1,"minecraft:enchanted_book":1,"withersweapons:eldingain":1,"minecraft:brewing_stand":1,"minecraft:shield":1,"iceandfire:manuscript":9,"minecraft:string":14,"minecraft:raw_copper":77,"minecraft:moss_carpet":5,"epicsamurai:jade":12,"minecraft:iron_shovel":1,"minecraft:cyan_carpet":1,"minecraft:gold_nugget":39,"minecraft:cobbled_deepslate":223,"minecraft:beef":13,"minecraft:oak_boat":5,"minecraft:chest":1,"minecraft:iron_boots":1,"minecraft:furnace":5,"minecraft:egg":2,"iceandfire:ghost_chest":2,"minecraft:dark_oak_sapling":2,"minecraft:raw_iron":89,"minecraft:stick":17,"minecraft:sandstone":17,"iceandfire:dragonbone":51,"minecraft:torch":15,"minecraft:acacia_log":8,"minecraft:carrot":1,"minecraft:diorite":8,"minecraft:vine":4,"minecraft:redstone":260,"minecraft:stone_pressure_plate":1,"minecraft:tnt":9,"monsterplus:crystal_clump":4,"iceandfire:silver_ingot":2,"minecraft:stone_sword":1,"minecraft:cactus":3,"minecraft:arrow":28,"minecraft:rotten_flesh":52,"minecraft:hay_block":56,"minecraft:gold_ingot":18,"minecraft:glow_berries":3,"minecraft:cod":5,"minecraft:cobblestone":132,"minecraft:leather_chestplate":1,"minecraft:feather":1,"minecraft:glow_ink_sac":5,"minecraft:andesite":5,"minecraft:leather":7,"minecraft:cut_sandstone":5,"alexsmobs:acacia_blossom":2,"croptopia:glowing_calamari":1,"minecraft:flint":1,"minecraft:tuff":12,"minecraft:oak_log":58,"minecraft:gunpowder":7,"minecraft:lapis_lazuli":63,"minecraft:orange_terracotta":1,"minecraft:cooked_mutton":1,"minecraft:bone":47,"minecraft:apple":4,"minecraft:bow":2,"alexsmobs:cockroach_wing_fragment":1,"minecraft:wheat_seeds":7,"minecraft:raw_gold":42,"minecraft:iron_ingot":17,"minecraft:glowstone_dust":1,"croptopia:roe":8,"epicsamurai:aquamarine":5,"minecraft:iron_sword":1,"epicsamurai:raw_silver":14,"minecraft:acacia_sapling":1,"sophisticatedbackpacks:diamond_backpack":1,"biomesoplenty:toadstool":1,"epicsamurai:onyx":12,"iceandfire:dragon_skull_fire":2,"minecraft:gravel":2,"minecraft:chiseled_sandstone":1,"alexsmobs:animal_dictionary":1,"minecraft:deepslate":4,"minecraft:diamond":21,"monsterplus:crystal_shard":6,"minecraft:granite":1,"minecraft:golden_apple":1,"minecraft:chainmail_helmet":1,"minecraft:bread":2,"epicsamurai:ruby":8,"minecraft:oak_sapling":21,"minecraft:coal":219,"minecraft:oak_leaves":1,"iceandfire:raw_silver":21}},"DataVersion":3465}