{"stats":{"minecraft:killed_by":{"minecraft:zombified_piglin":2,"minecraft:wither_skeleton":4,"minecraft:piglin_brute":2,"monsterplus:crystal_zombie":2,"creeperoverhaul:cave_creeper":1,"alexsmobs:crocodile":2,"cataclysm:deepling_brute":2,"minecraft:blaze":2,"minecraft:zombie":1,"alexsmobs:grizzly_bear":3,"minecraft:husk":4,"monsterplus:glow_skeleton":3,"monsterplus:overgrown_skeleton":1,"alexsmobs:centipede_head":1,"minecraft:skeleton":5,"monsterplus:mother_lava_squid":1,"minecraft:guardian":1,"alexsmobs:kangaroo":1,"iceandfire:ghost":1},"minecraft:killed":{"minecraft:zombified_piglin":1,"monsterplus:mother_lava_squid":1,"minecraft:spider":7,"monsterplus:crystal_zombie":11,"creeperoverhaul:bamboo_creeper":2,"minecraft:skeleton":8,"monsterplus:glow_skeleton":5,"alexsmobs:straddler":7,"minecraft:tropical_fish":1,"alexsmobs:kangaroo":1,"iceandfire:myrmex_worker":1,"alexsmobs:grizzly_bear":1,"minecraft:pig":1,"minecraft:zombie_villager":1,"alexsmobs:seal":1,"iceandfire:cockatrice":1,"minecraft:sheep":12,"minecraft:zombie":34,"alexsmobs:terrapin":1,"alexsmobs:fly":1,"minecraft:blaze":25,"minecraft:cow":11,"alexsmobs:tarantula_hawk":1,"alexsmobs:tasmanian_devil":1,"alexsmobs:seagull":2,"alexsmobs:rattlesnake":2,"minecraft:husk":2,"alexsmobs:guster":1,"minecraft:bat":1,"epicsamurai:akaname":2,"minecraft:squid":3,"alexsmobs:emu":1,"alexsmobs:catfish":2,"alexsmobs:crocodile":1,"iceandfire:ghost":3,"alexsmobs:gazelle":3,"minecraft:wither_skeleton":11,"monsterplus:overgrown_skeleton":2,"minecraft:enderman":2},"minecraft:mined":{"minecraft:large_amethyst_bud":2,"iceandfire:copper_pile":1,"sophisticatedbackpacks:gold_backpack":1,"minecraft:obsidian":11,"biomesoplenty:burning_blossom":7,"minecraft:granite":3,"biomesoplenty:bramble":2,"epicsamurai:silver_ore":3,"minecraft:grass_block":5,"biomesoplenty:dried_salt":5,"iceandfire:crackled_cobblestone":4,"minecraft:polished_blackstone_bricks":1,"epicsamurai:deepslate_jade_ore":25,"minecraft:fire":3,"minecraft:iron_ore":44,"minecraft:cobbled_deepslate":3,"minecraft:deepslate_lapis_ore":7,"minecraft:small_amethyst_bud":1,"epicsamurai:deepslate_silver_ore":32,"biomesoplenty:medium_rose_quartz_bud":2,"minecraft:deepslate_redstone_ore":5,"minecraft:blackstone":2,"minecraft:kelp_plant":1,"minecraft:medium_amethyst_bud":3,"minecraft:amethyst_cluster":3,"minecraft:torch":26,"minecraft:blast_furnace":2,"minecraft:melon":12,"minecraft:poppy":1,"minecraft:nether_quartz_ore":5,"minecraft:cobblestone":4,"minecraft:cyan_bed":1,"minecraft:wall_torch":17,"iceandfire:crackled_stone":4,"minecraft:wheat":1,"epicsamurai:aquamarine_ore":1,"biomesoplenty:large_rose_quartz_bud":20,"minecraft:grass":48,"biomesoplenty:dead_log":22,"minecraft:oak_log":5,"minecraft:dirt":6,"minecraft:netherrack":10,"minecraft:oak_leaves":1,"minecraft:deepslate":57,"minecraft:tuff":7,"iceandfire:silver_ore":8,"minecraft:deepslate_diamond_ore":6,"biomesoplenty:desert_grass":13,"biomesoplenty:dead_fence":6,"biomesoplenty:bush":4,"epicsamurai:deepslate_ruby_ore":17,"biomesoplenty:dune_grass":1,"minecraft:hay_block":9,"epicsamurai:onyx_ore":7,"minecraft:furnace":4,"biomesoplenty:willow_vine":2,"minecraft:deepslate_iron_ore":55,"minecraft:stone":54,"biomesoplenty:rose_quartz_cluster":5,"minecraft:light_gray_carpet":2,"epicsamurai:jade_ore":3,"minecraft:basalt":1,"epicsamurai:deepslate_aquamarine_ore":8,"minecraft:crafting_table":5,"minecraft:copper_ore":25,"biomesoplenty:sprout":1,"minecraft:lapis_ore":4,"minecraft:deepslate_gold_ore":22,"minecraft:diorite":2,"minecraft:spruce_log":13,"minecraft:coal_ore":76,"biomesoplenty:stringy_cobweb":2,"minecraft:gold_ore":10,"minecraft:fern":19},"minecraft:custom":{"minecraft:animals_bred":19,"minecraft:interact_with_crafting_table":54,"minecraft:open_barrel":26,"minecraft:eat_cake_slice":1,"minecraft:leave_game":3,"minecraft:time_since_death":9348,"minecraft:sprint_one_cm":772987,"minecraft:drop":58,"minecraft:play_time":332733,"minecraft:deaths":44,"minecraft:jump":3644,"minecraft:walk_on_water_one_cm":55132,"minecraft:interact_with_furnace":82,"minecraft:sleep_in_bed":5,"minecraft:damage_dealt":36753,"minecraft:player_kills":10,"minecraft:crouch_one_cm":11254,"minecraft:horse_one_cm":2118,"minecraft:mob_kills":199,"minecraft:damage_dealt_resisted":410,"minecraft:climb_one_cm":7901,"minecraft:walk_one_cm":962699,"minecraft:damage_dealt_absorbed":80,"minecraft:sneak_time":7100,"minecraft:walk_under_water_one_cm":60486,"minecraft:interact_with_blast_furnace":22,"minecraft:total_world_time":332733,"minecraft:time_since_rest":9374,"minecraft:damage_taken":19627,"minecraft:damage_absorbed":81,"minecraft:trigger_trapped_chest":3,"minecraft:swim_one_cm":95384,"minecraft:fly_one_cm":1515593,"minecraft:open_chest":136,"minecraft:fall_one_cm":102176},"minecraft:broken":{"iceandfire:armor_copper_metal_helmet":1},"minecraft:dropped":{"minecraft:glow_ink_sac":2,"minecraft:ender_pearl":1,"sophisticatedbackpacks:gold_backpack":3,"alexsmobs:flying_fish":2,"minecraft:iron_pickaxe":1,"minecraft:white_wool":2,"minecraft:bone":9,"minecraft:cobbled_deepslate":11,"minecraft:wheat":23,"epicsamurai:katana":1,"minecraft:rotten_flesh":2,"minecraft:light_gray_carpet":4,"minecraft:gunpowder":2,"minecraft:basalt":2,"minecraft:arrow":4,"withersweapons:eldingain":1,"minecraft:wheat_seeds":3,"minecraft:oak_fence":1,"minecraft:cobblestone":1,"minecraft:spectral_arrow":3,"minecraft:granite":1,"minecraft:iron_leggings":1,"tacz:modern_kinetic_gun":1,"minecraft:stone_sword":4,"minecraft:light_gray_wool":2,"minecraft:iron_boots":1,"epicsamurai:iron_ninja_chestplate":1,"minecraft:hay_block":1,"minecraft:shield":2,"minecraft:iron_chestplate":1,"minecraft:oak_sapling":3,"sophisticatedbackpacks:copper_backpack":1,"minecraft:stone_pickaxe":1},"minecraft:used":{"biomesoplenty:dead_fence":27,"biomesoplenty:dead_fence_gate":1,"croptopia:calamari":1,"minecraft:chest":2,"minecraft:rotten_flesh":4,"minecraft:iron_chestplate":1,"minecraft:obsidian":10,"minecraft:lava_bucket":9,"croptopia:lime":1,"minecraft:furnace":5,"minecraft:stone_pickaxe":86,"minecraft:blackstone":2,"minecraft:cactus":1,"minecraft:wooden_pickaxe":16,"minecraft:golden_apple":2,"minecraft:sand":1,"minecraft:blast_furnace":2,"croptopia:orange":15,"croptopia:nectarine":4,"minecraft:melon_slice":18,"minecraft:bread":36,"minecraft:deepslate":1,"biomesoplenty:dried_salt":5,"minecraft:stone_sword":21,"iceandfire:silver_sword":201,"minecraft:flint_and_steel":1,"minecraft:light_gray_carpet":3,"minecraft:cooked_chicken":1,"minecraft:netherrack":7,"minecraft:torch":58,"minecraft:dirt":5,"minecraft:iron_hoe":8,"minecraft:wooden_axe":31,"minecraft:iron_axe":57,"minecraft:iron_boots":1,"minecraft:basalt":5,"croptopia:persimmon":1,"iceandfire:armor_copper_metal_helmet":1,"croptopia:cooked_calamari":12,"comforts:sleeping_bag_white":2,"minecraft:cooked_beef":27,"minecraft:cobbled_deepslate":14,"minecraft:iron_leggings":1,"sophisticatedbackpacks:gold_backpack":1,"minecraft:wheat_seeds":7,"minecraft:cooked_mutton":20,"monsterplus:crystal_sword":73,"alexsmobs:cooked_catfish":3,"minecraft:water_bucket":3,"croptopia:lemon":16,"minecraft:polished_blackstone_bricks":1,"minecraft:crafting_table":6,"minecraft:diamond_pickaxe":131,"minecraft:iron_pickaxe":353,"epicsamurai:katana":433,"minecraft:cobblestone":6,"minecraft:cooked_porkchop":2,"minecraft:bucket":13,"minecraft:pumpkin_pie":1,"alexsmobs:animal_dictionary":4,"biomesoplenty:dead_sapling":1},"minecraft:crafted":{"minecraft:oak_planks":20,"epicsamurai:silver_ingot":30,"monsterplus:ancient_crystal":2,"epicsamurai:green_samurai_chestplate":1,"minecraft:blaze_powder":6,"sophisticatedbackpacks:crafting_upgrade":1,"epicsamurai:white_samurai_leggings_master":1,"epicsamurai:white_samurai_chestplate_master":1,"minecraft:cooked_mutton":7,"sophisticatedbackpacks:smelting_upgrade":1,"minecraft:iron_boots":1,"minecraft:chest":4,"biomesoplenty:dead_fence_gate":1,"alexsmobs:cooked_catfish":3,"epicsamurai:white_samurai_helmet":1,"epicsamurai:green_samurai_helmet":1,"sophisticatedbackpacks:backpack":2,"minecraft:cooked_porkchop":2,"minecraft:crafting_table":3,"minecraft:spruce_planks":48,"minecraft:wooden_pickaxe":1,"epicsamurai:green_samurai_boots":1,"minecraft:copper_ingot":5,"monsterplus:crystal_sword":1,"sophisticatedbackpacks:upgrade_base":2,"minecraft:iron_chestplate":1,"minecraft:diamond_pickaxe":1,"minecraft:charcoal":4,"minecraft:stick":40,"minecraft:iron_ingot":89,"minecraft:iron_pickaxe":1,"minecraft:stone_sword":1,"epicsamurai:iron_ninja_chestplate":1,"minecraft:light_gray_carpet":3,"iceandfire:silver_sword":1,"minecraft:shears":1,"epicsamurai:katana":1,"minecraft:iron_nugget":9,"comforts:sleeping_bag_white":1,"minecraft:furnace":2,"biomesoplenty:dead_fence":21,"minecraft:bone_meal":9,"epicsamurai:white_samurai_boots_master":1,"iceandfire:armor_copper_metal_helmet":1,"minecraft:flint_and_steel":1,"minecraft:leather":6,"minecraft:iron_axe":1,"minecraft:iron_hoe":1,"minecraft:stone_pickaxe":1,"croptopia:cooked_calamari":12,"minecraft:wheat":180,"sophisticatedbackpacks:iron_backpack":1,"minecraft:cooked_beef":9,"minecraft:red_dye":1,"biomesoplenty:dead_planks":72,"epicsamurai:katana_handle":1,"iceandfire:silver_ingot":7,"sophisticatedbackpacks:gold_backpack":1,"epicsamurai:cloth":12,"minecraft:bread":30,"minecraft:air":0,"minecraft:white_wool":2,"minecraft:gold_nugget":9,"minecraft:white_dye":9,"minecraft:wooden_axe":1,"minecraft:iron_leggings":1,"epicsamurai:steel_ingot":26,"minecraft:torch":12,"epicsamurai:green_samurai_leggings":1},"minecraft:picked_up":{"minecraft:wheat":1,"biomesoplenty:burning_blossom":6,"croptopia:calamari":13,"alexsmobs:gazelle_horn":2,"minecraft:string":15,"minecraft:raw_copper":105,"biomesoplenty:dead_sapling":1,"alexsmobs:emu_feather":2,"minecraft:cobbled_deepslate":104,"comforts:sleeping_bag_white":2,"minecraft:melon_slice":53,"minecraft:furnace":4,"minecraft:stick":1,"minecraft:oak_fence":1,"minecraft:torch":49,"minecraft:porkchop":2,"minecraft:diorite":1,"minecraft:vine":1,"monsterplus:crystal_clump":2,"minecraft:stone_sword":4,"minecraft:cactus":1,"minecraft:rotten_flesh":41,"croptopia:persimmon":1,"minecraft:blaze_rod":11,"minecraft:obsidian":11,"minecraft:blaze_powder":2,"alexsmobs:flying_fish":2,"minecraft:cobblestone":59,"minecraft:feather":6,"minecraft:cooked_beef":4,"croptopia:nectarine":4,"biomesoplenty:dried_salt":5,"minecraft:andesite":1,"alexsmobs:bear_fur":2,"biomesoplenty:dead_log":22,"minecraft:tuff":7,"minecraft:lapis_lazuli":69,"minecraft:dirt":10,"minecraft:bone":27,"minecraft:bow":2,"minecraft:wheat_seeds":11,"minecraft:raw_gold":32,"minecraft:bamboo":4,"minecraft:glowstone_dust":1,"croptopia:lime":1,"minecraft:oak_planks":68,"epicsamurai:raw_silver":35,"minecraft:sand":1,"minecraft:ink_sac":17,"minecraft:cyan_bed":1,"minecraft:spectral_arrow":4,"iceandfire:myrmex_stinger":1,"minecraft:diamond":6,"minecraft:deepslate":1,"iceandfire:crackled_stone":2,"alexsmobs:rattlesnake_rattle":3,"minecraft:granite":6,"alexsmobs:tarantula_hawk_wing_fragment":1,"biomesoplenty:dead_fence":6,"minecraft:bread":6,"minecraft:oak_sapling":3,"epicsamurai:ruby":17,"minecraft:light_gray_carpet":4,"minecraft:netherrack":8,"iceandfire:raw_silver":8,"sophisticatedbackpacks:gold_backpack":4,"minecraft:crafting_table":6,"iceandfire:witherbone":6,"withersweapons:eldingain":1,"minecraft:shield":2,"biomesoplenty:rose_quartz_shard":10,"tacz:ammo":24,"epicsamurai:jade":28,"minecraft:blackstone":2,"minecraft:beef":21,"epicsamurai:akaname_tongue":2,"minecraft:poppy":1,"minecraft:light_gray_wool":11,"minecraft:raw_iron":99,"minecraft:copper_ingot":1,"alexsmobs:straddlite":1,"minecraft:polished_blackstone_bricks":1,"minecraft:redstone":23,"minecraft:arrow":11,"minecraft:hay_block":21,"minecraft:gold_ingot":18,"sophisticatedbackpacks:copper_backpack":1,"minecraft:mutton":20,"alexsmobs:kangaroo_meat":2,"minecraft:white_wool":4,"minecraft:basalt":7,"minecraft:glow_ink_sac":4,"minecraft:leather":11,"alexsmobs:cachalot_whale_tooth":1,"minecraft:oak_log":5,"minecraft:gunpowder":9,"minecraft:iron_ingot":33,"minecraft:cooked_chicken":2,"epicsamurai:aquamarine":9,"iceandfire:crackled_cobblestone":4,"epicsamurai:onyx":7,"epicsamurai:katana":1,"minecraft:quartz":5,"minecraft:amethyst_shard":12,"minecraft:blast_furnace":2,"minecraft:spruce_log":12,"minecraft:spider_eye":2,"alexsmobs:raw_catfish":3,"biomesoplenty:mahogany_log":32,"croptopia:lemon":16,"biomesoplenty:bramble":2,"monsterplus:crystal_shard":10,"tacz:modern_kinetic_gun":2,"croptopia:orange":21,"minecraft:gray_wool":3,"minecraft:coal":188,"minecraft:ender_pearl":1}},"DataVersion":3465}