{"stats":{"minecraft:custom":{"minecraft:mob_kills":375,"minecraft:interact_with_crafting_table":92,"minecraft:damage_dealt_resisted":1795,"minecraft:leave_game":5,"minecraft:time_since_death":2224,"minecraft:climb_one_cm":7667,"minecraft:sprint_one_cm":602570,"minecraft:walk_one_cm":867573,"minecraft:damage_blocked_by_shield":1215,"minecraft:drop":50,"minecraft:damage_dealt_absorbed":80,"minecraft:play_time":369474,"minecraft:deaths":123,"minecraft:sneak_time":10339,"minecraft:walk_under_water_one_cm":149954,"minecraft:jump":3418,"minecraft:interact_with_blast_furnace":4,"minecraft:walk_on_water_one_cm":69708,"minecraft:total_world_time":369474,"minecraft:interact_with_furnace":42,"minecraft:sleep_in_bed":3,"minecraft:time_since_rest":2248,"minecraft:damage_taken":38598,"minecraft:damage_dealt":75157,"minecraft:swim_one_cm":217796,"minecraft:fly_one_cm":940561,"minecraft:player_kills":2,"minecraft:open_chest":167,"minecraft:crouch_one_cm":16720,"minecraft:aviate_one_cm":3804,"minecraft:fall_one_cm":84203},"minecraft:dropped":{"minecraft:vine":6,"spore:spine_fragment":6,"chococraft:loverly_gysahl_green":8,"minecraft:birch_planks":1,"chococraft:gold_gysahl":1,"minecraft:cobblestone":18,"minecraft:amethyst_block":1,"spore:infected_spear":1,"minecraft:dirt":2,"minecraft:ink_sac":2,"minecraft:wooden_axe":1,"minecraft:cooked_salmon":4,"minecraft:bone_meal":1,"spore:mutated_heart":1,"minecraft:string":15,"minecraft:white_wool":1,"spore:claw_fragment":20,"minecraft:bone":2,"minecraft:cobbled_deepslate":6,"minecraft:stone_sword":1,"minecraft:birch_sapling":2,"minecraft:raw_iron":2,"spore:scythe":2,"minecraft:glowstone_dust":1,"minecraft:iron_boots":1,"spore:cerebrum":18,"spore:mutated_fiber":29,"spore:rapier":1,"minecraft:gunpowder":5,"minecraft:andesite":8,"minecraft:spider_eye":1,"minecraft:bow":1,"minecraft:wooden_pickaxe":1,"spore:armor_fragment":1},"minecraft:killed":{"minecraft:cave_spider":8,"spore:braiomil":2,"minecraft:spider":4,"spore:leaper":2,"monsterplus:crystal_zombie":7,"minecraft:horse":1,"minecraft:skeleton":9,"monsterplus:glow_skeleton":4,"spore:griefer":2,"minecraft:chicken":4,"spore:spitter":2,"minecraft:pig":2,"spore:inf_player":98,"spore:inf_wanderer":1,"minecraft:salmon":48,"spore:inf_evoker":3,"minecraft:rabbit":1,"spore:scamper":1,"spore:brute":2,"spore:inf_drowned":2,"minecraft:creeper":11,"minecraft:squid":2,"spore:inf_pillager":11,"minecraft:sheep":13,"spore:inf_villager":20,"spore:mound":4,"spore:inf_human":27,"minecraft:zombie":24,"spore:inf_witch":2,"spore:howler":2,"spore:claw":1,"spore:busser":7,"monsterplus:overgrown_skeleton":15,"spore:knight":22,"spore:slasher":4,"minecraft:enderman":1},"minecraft:killed_by":{"minecraft:player":6,"spore:busser":9,"spore:claw":1,"minecraft:creeper":4,"monsterplus:crystal_zombie":2,"spore:knight":11,"spore:inf_human":7,"spore:inf_wanderer":1,"spore:inf_pillager":6,"spore:spitter":2,"spore:sieger":4,"monsterplus:glow_skeleton":2,"spore:inf_player":41,"monsterplus:overgrown_skeleton":4,"spore:inf_villager":4,"minecraft:skeleton":4,"mutantmonsters:mutant_skeleton":1,"minecraft:zombie":1,"spore:inf_witch":3},"minecraft:crafted":{"spore:claw":6,"minecraft:oak_planks":12,"spore:plated_pants":1,"spore:plated_chest":2,"spore:plated_boots":1,"minecraft:cooked_chicken":3,"minecraft:furnace":1,"minecraft:cooked_mutton":4,"spore:fleshy_bone":10,"minecraft:stone_pickaxe":5,"spore:armor_plate":20,"spore:fleshy_claw":14,"minecraft:chest":4,"croptopia:cooked_calamari":1,"minecraft:birch_door":3,"minecraft:cooked_rabbit":1,"minecraft:cooked_beef":8,"spore:living_core":5,"spore:infected_spear":1,"minecraft:cooked_porkchop":4,"spore:rapier":1,"minecraft:crafting_table":5,"spore:plated_helmet":1,"minecraft:spruce_planks":30,"minecraft:wooden_pickaxe":2,"minecraft:iron_sword":1,"minecraft:bucket":1,"minecraft:spruce_door":6,"minecraft:cooked_salmon":53,"minecraft:birch_planks":96,"minecraft:stone_axe":1,"minecraft:air":0,"spore:inf_helmet":1,"spore:greatsword":1,"spore:spine":2,"spore:armads":1,"minecraft:shield":1,"minecraft:stick":108,"minecraft:iron_ingot":6,"minecraft:wooden_axe":1,"spore:plated_muscle":4,"minecraft:stone_sword":2,"spore:living_helmet":1,"minecraft:white_bed":1,"spore:nerves":104,"minecraft:torch":176,"spore:scythe":1},"minecraft:mined":{"spore:fungal_roots":20,"minecraft:large_amethyst_bud":2,"minecraft:tuff":4,"spore:wall_growths_big":11,"minecraft:white_bed":1,"spore:wall_growths":14,"minecraft:mossy_cobblestone":3,"minecraft:granite":9,"minecraft:grass_block":12,"spore:fungal_stem":10,"spore:growths_small":14,"minecraft:furnace":1,"minecraft:fire":1,"spore:blomfung":30,"minecraft:iron_ore":35,"minecraft:andesite":6,"spore:growth_mycelium":14,"biomesoplenty:hanging_cobweb":1,"chococraft:gysahl_green":13,"minecraft:small_amethyst_bud":2,"minecraft:deepslate_iron_ore":2,"biomesoplenty:webbing":1,"biomesoplenty:spider_egg":5,"minecraft:stone":242,"minecraft:medium_amethyst_bud":2,"minecraft:amethyst_cluster":11,"spore:growths_big":7,"minecraft:crafting_table":1,"minecraft:cobblestone":61,"minecraft:copper_ore":4,"minecraft:tall_grass":3,"biomesoplenty:sprout":1,"minecraft:wall_torch":4,"minecraft:amethyst_block":1,"spore:fungal_stem_sapling":2,"minecraft:seagrass":1,"croptopia:nectarine_crop":3,"minecraft:birch_planks":4,"spore:bloomfung2":33,"minecraft:birch_log":24,"minecraft:birch_leaves":5,"spore:fungal_stem_top":5,"biomesoplenty:clover":5,"minecraft:grass":12,"minecraft:oak_log":12,"minecraft:coal_ore":53,"minecraft:mycelium":7,"minecraft:dirt":34,"biomesoplenty:stringy_cobweb":2,"minecraft:cobweb":5,"minecraft:oak_leaves":19,"minecraft:deepslate":3},"minecraft:broken":{"minecraft:iron_leggings":1,"minecraft:chainmail_helmet":1,"minecraft:stone_pickaxe":1,"minecraft:iron_sword":1},"minecraft:picked_up":{"chococraft:loverly_gysahl_green":8,"minecraft:iron_chestplate":1,"minecraft:crafting_table":1,"spore:mutated_heart":16,"minecraft:chainmail_boots":2,"minecraft:chicken":4,"minecraft:ladder":4,"croptopia:calamari":1,"minecraft:shield":1,"spore:sickle_fragment":2,"minecraft:amethyst_block":2,"minecraft:iron_axe":2,"spore:innards":1,"minecraft:string":22,"minecraft:raw_copper":14,"minecraft:iron_shovel":1,"minecraft:iron_leggings":3,"spore:corrosive_sack":1,"spore:armads":3,"minecraft:cobbled_deepslate":12,"minecraft:iron_pickaxe":2,"minecraft:birch_sapling":7,"minecraft:egg":8,"minecraft:iron_boots":2,"minecraft:furnace":1,"minecraft:raw_iron":36,"minecraft:stick":11,"spore:tumor":5,"spore:wing_membrane":8,"minecraft:torch":9,"minecraft:porkchop":4,"minecraft:vine":7,"monsterplus:crystal_clump":2,"minecraft:stone_sword":2,"minecraft:arrow":55,"minecraft:rotten_flesh":31,"spore:alveolic_sack":1,"minecraft:glow_berries":13,"minecraft:mutton":22,"minecraft:white_wool":13,"minecraft:cobblestone":326,"minecraft:birch_log":24,"minecraft:feather":5,"croptopia:nectarine":3,"minecraft:glow_ink_sac":4,"minecraft:andesite":14,"minecraft:salmon":70,"minecraft:leather":2,"minecraft:birch_planks":4,"minecraft:tuff":3,"minecraft:oak_log":38,"minecraft:chainmail_chestplate":1,"minecraft:gunpowder":13,"minecraft:dirt":96,"minecraft:bow":2,"minecraft:bone":41,"chococraft:gysahl_green":91,"minecraft:apple":1,"chococraft:gold_gysahl":1,"spore:fleshy_claw":3,"spore:nerves":4,"minecraft:wheat_seeds":2,"minecraft:rabbit_hide":1,"minecraft:stone_pickaxe":1,"minecraft:cooked_chicken":1,"spore:mutated_fiber":362,"minecraft:rabbit":1,"minecraft:glowstone_dust":1,"croptopia:roe":108,"croptopia:lime":1,"minecraft:iron_sword":1,"spore:cerebrum":19,"spore:living_core":1,"minecraft:pumpkin":7,"spore:armor_fragment":240,"minecraft:amethyst_shard":36,"minecraft:grass_block":1,"minecraft:ink_sac":4,"chococraft:gysahl_green_seeds":34,"spore:scythe":1,"minecraft:white_bed":1,"minecraft:spruce_log":8,"minecraft:mossy_cobblestone":3,"minecraft:spider_eye":3,"minecraft:spectral_arrow":5,"minecraft:leather_helmet":1,"spore:claw_fragment":174,"minecraft:iron_hoe":3,"minecraft:deepslate":4,"monsterplus:crystal_shard":7,"minecraft:chainmail_leggings":1,"minecraft:granite":9,"minecraft:bone_meal":5,"minecraft:chainmail_helmet":1,"spore:spine_fragment":7,"minecraft:oak_sapling":12,"minecraft:coal":64,"minecraft:ender_pearl":1},"minecraft:used":{"minecraft:stone_sword":170,"minecraft:flint_and_steel":20,"spore:scythe":2,"minecraft:ladder":4,"minecraft:chest":3,"minecraft:shield":21,"minecraft:iron_sword":328,"spore:inf_helmet":1,"minecraft:cooked_salmon":17,"minecraft:cooked_chicken":1,"minecraft:rotten_flesh":16,"spore:infected_spear":3,"minecraft:torch":142,"minecraft:dirt":76,"minecraft:mutton":8,"spore:inf_boots":1,"spore:inf_pants":3,"minecraft:granite":9,"minecraft:iron_hoe":1,"minecraft:birch_door":2,"minecraft:wooden_axe":15,"minecraft:iron_axe":52,"minecraft:birch_sapling":3,"spore:inf_chest":1,"croptopia:lime":1,"minecraft:furnace":1,"croptopia:cooked_calamari":1,"croptopia:roe":53,"minecraft:cooked_beef":4,"minecraft:egg":2,"minecraft:cooked_mutton":4,"minecraft:spruce_door":2,"spore:armads":726,"minecraft:birch_planks":26,"minecraft:stone_pickaxe":368,"minecraft:wooden_pickaxe":37,"minecraft:chainmail_helmet":1,"minecraft:glow_berries":6,"minecraft:vine":1,"minecraft:crafting_table":6,"spore:rapier":67,"withersweapons:stone_blade":8,"minecraft:spider_eye":1,"minecraft:white_bed":1,"spore:greatsword":57,"croptopia:nectarine":3,"withersweapons:magentaslash":55,"minecraft:apple":4,"chococraft:gysahl_green_seeds":34,"minecraft:bread":3,"minecraft:iron_pickaxe":160,"minecraft:stone_axe":40,"minecraft:cobblestone":149,"minecraft:cooked_porkchop":4,"minecraft:andesite":2,"chococraft:gysahl_green":63}},"DataVersion":3465}